<?xml version="1.0" encoding="utf-8" ?>
<dwsync>
<file name="cart.html" server="csweb01.csueastbay.edu/public_html/Project1/" local="131525628672447016" remote="131527450650000000" Dst="2" />
<file name="cart.php" server="csweb01.csueastbay.edu/public_html/Project1/" local="131527794267362008" remote="131527842540000000" Dst="2" />
<file name="product001.html" server="csweb01.csueastbay.edu/public_html/Project1/" local="131527424643137600" remote="131527450640000000" Dst="2" />
<file name="product002.html" server="csweb01.csueastbay.edu/public_html/Project1/" local="131527424643497943" remote="131527450640000000" Dst="2" />
<file name="product003.html" server="csweb01.csueastbay.edu/public_html/Project1/" local="131527424643878332" remote="131527450640000000" Dst="2" />
<file name="product004.html" server="csweb01.csueastbay.edu/public_html/Project1/" local="131527424643958430" remote="131527450640000000" Dst="2" />
<file name="product005.html" server="csweb01.csueastbay.edu/public_html/Project1/" local="131527424644048520" remote="131527450640000000" Dst="2" />
<file name="product006.html" server="csweb01.csueastbay.edu/public_html/Project1/" local="131527424644128593" remote="131527450640000000" Dst="2" />
<file name="product007.html" server="csweb01.csueastbay.edu/public_html/Project1/" local="131527424644198658" remote="131527450640000000" Dst="2" />
<file name="product008.html" server="csweb01.csueastbay.edu/public_html/Project1/" local="131527424644278735" remote="131527450640000000" Dst="2" />
<file name="product009.html" server="csweb01.csueastbay.edu/public_html/Project1/" local="131527424644378830" remote="131527450640000000" Dst="2" />
<file name="product010.html" server="csweb01.csueastbay.edu/public_html/Project1/" local="131527424644458909" remote="131527450640000000" Dst="2" />
<file name="product011.html" server="csweb01.csueastbay.edu/public_html/Project1/" local="131527424643437889" remote="131527450630000000" Dst="2" />
<file name="product012.html" server="csweb01.csueastbay.edu/public_html/Project1/" local="131527424644518961" remote="131527450630000000" Dst="2" />
<file name="product013.html" server="csweb01.csueastbay.edu/public_html/Project1/" local="131527424644599040" remote="131527450630000000" Dst="2" />
<file name="product014.html" server="csweb01.csueastbay.edu/public_html/Project1/" local="131527424644679116" remote="131527450630000000" Dst="2" />
<file name="product015.html" server="csweb01.csueastbay.edu/public_html/Project1/" local="131527424644749184" remote="131527450630000000" Dst="2" />
<file name="product016.html" server="csweb01.csueastbay.edu/public_html/Project1/" local="131527424643357809" remote="131527450630000000" Dst="2" />
<file name="product017.html" server="csweb01.csueastbay.edu/public_html/Project1/" local="131527424644819268" remote="131527450630000000" Dst="2" />
<file name="product018.html" server="csweb01.csueastbay.edu/public_html/Project1/" local="131527424644894335" remote="131527450630000000" Dst="2" />
<file name="product019.html" server="csweb01.csueastbay.edu/public_html/Project1/" local="131527424645019473" remote="131527450630000000" Dst="2" />
<file name="product020.html" server="csweb01.csueastbay.edu/public_html/Project1/" local="131527424645089539" remote="131527450630000000" Dst="2" />
<file name="product021.html" server="csweb01.csueastbay.edu/public_html/Project1/" local="131527424645159604" remote="131527450630000000" Dst="2" />
<file name="product022.html" server="csweb01.csueastbay.edu/public_html/Project1/" local="131527424643803262" remote="131527450620000000" Dst="2" />
<file name="product023.html" server="csweb01.csueastbay.edu/public_html/Project1/" local="131527424643728164" remote="131527450620000000" Dst="2" />
<file name="product024.html" server="csweb01.csueastbay.edu/public_html/Project1/" local="131527424643568008" remote="131527450620000000" Dst="2" />
<file name="product025.html" server="csweb01.csueastbay.edu/public_html/Project1/" local="131527424643638076" remote="131527450620000000" Dst="2" />
<file name="productPage.html" server="csweb01.csueastbay.edu/public_html/Project1/" local="131527421634976381" remote="131527450620000000" Dst="2" />
<file name="index.html" server="csweb01.csueastbay.edu/public_html/Project1/" local="131527373181681698" remote="131528250270000000" Dst="2" />
<file name=".test.txt.swp" server="csweb01.csueastbay.edu/public_html/Project1/" local="131523310790000000" remote="131523310790000000" Dst="2" />
<file name="finalOrder.php" server="csweb01.csueastbay.edu/public_html/Project1/" local="131527840907558591" remote="131527842580000000" Dst="2" />
<file name="userInfo.php" server="csweb01.csueastbay.edu/public_html/Project1/" local="131527841378794915" remote="131527842590000000" Dst="2" />
</dwsync>