<?xml version="1.0" encoding="utf-8" ?>
<dwsync>
<file name="product1.jpg" server="csweb01.csueastbay.edu/public_html/Project1/" local="131513677270000000" remote="131527450680000000" Dst="2" />
<file name="product10.jpg" server="csweb01.csueastbay.edu/public_html/Project1/" local="131513679830000000" remote="131527450680000000" Dst="2" />
<file name="product11.jpg" server="csweb01.csueastbay.edu/public_html/Project1/" local="131513679880000000" remote="131527450680000000" Dst="2" />
<file name="product12.jpg" server="csweb01.csueastbay.edu/public_html/Project1/" local="131513680160000000" remote="131527450680000000" Dst="2" />
<file name="product13.jpg" server="csweb01.csueastbay.edu/public_html/Project1/" local="131513680190000000" remote="131527450670000000" Dst="2" />
<file name="product14.jpg" server="csweb01.csueastbay.edu/public_html/Project1/" local="131513680230000000" remote="131527450670000000" Dst="2" />
<file name="product15.jpg" server="csweb01.csueastbay.edu/public_html/Project1/" local="131513680270000000" remote="131527450670000000" Dst="2" />
<file name="product16.jpg" server="csweb01.csueastbay.edu/public_html/Project1/" local="131513680560000000" remote="131527450670000000" Dst="2" />
<file name="product17.jpg" server="csweb01.csueastbay.edu/public_html/Project1/" local="131513680610000000" remote="131527450670000000" Dst="2" />
<file name="product18.jpg" server="csweb01.csueastbay.edu/public_html/Project1/" local="131513680650000000" remote="131527450670000000" Dst="2" />
<file name="product19.jpg" server="csweb01.csueastbay.edu/public_html/Project1/" local="131513680690000000" remote="131527450670000000" Dst="2" />
<file name="product2.jpg" server="csweb01.csueastbay.edu/public_html/Project1/" local="131513677590000000" remote="131527450670000000" Dst="2" />
<file name="product20.jpg" server="csweb01.csueastbay.edu/public_html/Project1/" local="131513680960000000" remote="131527450670000000" Dst="2" />
<file name="product21.jpg" server="csweb01.csueastbay.edu/public_html/Project1/" local="131513681000000000" remote="131527450670000000" Dst="2" />
<file name="product22.jpg" server="csweb01.csueastbay.edu/public_html/Project1/" local="131513681050000000" remote="131527450670000000" Dst="2" />
<file name="product23.jpg" server="csweb01.csueastbay.edu/public_html/Project1/" local="131513681090000000" remote="131527450660000000" Dst="2" />
<file name="product24.jpg" server="csweb01.csueastbay.edu/public_html/Project1/" local="131516146280000000" remote="131527450660000000" Dst="2" />
<file name="product25.jpg" server="csweb01.csueastbay.edu/public_html/Project1/" local="131513682230000000" remote="131527450660000000" Dst="2" />
<file name="product3.jpg" server="csweb01.csueastbay.edu/public_html/Project1/" local="131513678160000000" remote="131527450660000000" Dst="2" />
<file name="product4.jpg" server="csweb01.csueastbay.edu/public_html/Project1/" local="131513678260000000" remote="131527450660000000" Dst="2" />
<file name="product5.jpg" server="csweb01.csueastbay.edu/public_html/Project1/" local="131513678350000000" remote="131527450660000000" Dst="2" />
<file name="product6.jpg" server="csweb01.csueastbay.edu/public_html/Project1/" local="131513678400000000" remote="131527450660000000" Dst="2" />
<file name="product7.jpg" server="csweb01.csueastbay.edu/public_html/Project1/" local="131513678450000000" remote="131527450660000000" Dst="2" />
<file name="product8.jpg" server="csweb01.csueastbay.edu/public_html/Project1/" local="131513679760000000" remote="131527450660000000" Dst="2" />
<file name="product9.jpg" server="csweb01.csueastbay.edu/public_html/Project1/" local="131513679790000000" remote="131527450660000000" Dst="2" />
<file name="productDescription.txt" server="csweb01.csueastbay.edu/public_html/Project1/" local="131513682410000000" remote="131527450660000000" Dst="2" />
<file name="backgroundImg.jpg" server="csweb01.csueastbay.edu/public_html/Project1/" local="131527336036367133" remote="131527450690000000" Dst="2" />
<file name="keyboardImg.jpeg" server="csweb01.csueastbay.edu/public_html/Project1/" local="131527312605909339" remote="131527450680000000" Dst="2" />
<file name="transImg.png" server="csweb01.csueastbay.edu/public_html/Project1/" local="131527363688286699" remote="131527450660000000" Dst="2" />
</dwsync>